Parent op category,Parent cpu_op,Kernel name,Kernel stream,Kernel duration (µs)_sum,Kernel duration (µs)_count,Kernel duration (µs)_mean,Kernel duration (µs)_min,Kernel duration (µs)_max,Percent of kernels time (%),Percent of total time (%)
other,_attn_fwd_2,_attn_fwd,7,278267285.361,4320,64413.723463194445,3067.9,129722.565,47.878018993845764,43.520636947970395
record_param_comms,record_param_comms,ncclDevKernel_SendRecv(ncclDevKernelArgsStorage<4096ul>),47,211505680.019,17280,12239.912038136574,188.898,1932603.1,36.39117315612122,33.07920979858951
GEMM,aten::addmm,nvjet_tst_192x192_64x4_1x2_h_bz_coopB_bias_TNN,7,23641764.876,10800,2189.0523033333334,2120.094,2288.836,4.067746829501381,3.697540890021843
GEMM,aten::mm,nvjet_tst_256x160_64x4_1x2_h_bz_coopA_TNT,7,16448465.838,4320,3807.5152402777776,1725.905,5839.316,2.8300846029734563,2.5725183941691614
GEMM,aten::mm,nvjet_tst_256x160_64x4_2x1_v_bz_coopA_TNT,7,12129946.431,2160,5615.715940277778,5476.728,5823.195,2.087050243309502,1.8971076464738723
CONV_fwd,aten::cudnn_convolution,sm90_xmma_fprop_implicit_gemm_f32f32_tf32f32_f32_nhwckrsc_nhwc_tilesize256x32x32_warpgroupsize1x1x1_g1_execute_segment_k_off_kernel__5x_cudnn,7,2608650.835,144,18115.63079861111,4487.556,21368.231,0.4488383679900099,0.40798955495889705
triton,triton_red_fused__to_copy_add_addmm_empty_like_expand_native_layer_norm_view_11,triton_red_fused__to_copy_add_addmm_empty_like_expand_native_layer_norm_view_11,7,2455257.643,2464,996.4519655032468,940.142,2692.409,0.4224458937522463,0.38399906175139786
triton,triton_red_fused__to_copy_native_layer_norm_1,triton_red_fused__to_copy_native_layer_norm_1,7,2114627.01,2527,836.8132212109219,797.005,2234.069,0.36383778286525426,0.33072487936621964
other,sgl_kernel::rmsnorm,"void flashinfer::norm::RMSNormKernel<8u, __nv_bfloat16>(__nv_bfloat16*, __nv_bfloat16*, __nv_bfloat16*, unsigned int, unsigned int, unsigned int, float, float)",7,1724719.905,8640,199.620359375,5.856,257.668,0.2967512773322479,0.2697439216581476
triton,triton_poi_fused_all_to_all_single_clone_permute_view_0,triton_poi_fused_all_to_all_single_clone_permute_view_0,7,1624945.77,6480,250.76323611111113,241.028,350.148,0.279584372769869,0.254139378348288
CONV_fwd,aten::cudnn_convolution,sm90_xmma_fprop_implicit_gemm_f32f32_tf32f32_f32_nhwckrsc_nhwc_tilesize128x128x32_warpgroupsize1x1x1_g1_execute_segment_k_on_kernel__5x_cudnn,7,1601990.895,207,7739.086449275363,719.595,11263.34,0.2756348106076279,0.25054926613022754
triton,triton_poi_fused_addmm_gelu_view_12,triton_poi_fused_addmm_gelu_view_12,7,1522486.475,2350,647.866585106383,641.001,697.959,0.26195546585132123,0.2381148795508273
triton,triton_poi_fused__to_copy_add_addmm_mul_view_13,triton_poi_fused__to_copy_add_addmm_mul_view_13,7,1480222.073,2483,596.1425988723319,591.817,627.462,0.25468355158696787,0.23150478274092445
triton,triton_red_fused__to_copy_add_mul_native_layer_norm_split_1,triton_red_fused__to_copy_add_mul_native_layer_norm_split_1,7,1401344.203,2830,495.17463003533567,452.391,2059.955,0.24111200955983103,0.21916838775634775
other,quant_per_block_int8_kernel_0,quant_per_block_int8_kernel,7,1189586.686,4320,275.36728842592595,201.155,641.802,0.20467750592113426,0.1860497909856032
triton,triton_poi_fused_copy__0,triton_poi_fused_copy__0,7,1101575.893,2307,477.49280147377544,473.703,561.765,0.1895345745001775,0.17228501887203299
other,Torch-Compiled Region: 8/0,"void flashinfer::BatchQKApplyRotaryPosIdsCosSinCacheKernel<true, 128u, 8u, 16u, __nv_bfloat16, long>(__nv_bfloat16*, __nv_bfloat16*, __nv_bfloat16*, __nv_bfloat16*, float*, long*, unsigned int, unsigned int, unsigned int, unsigned int, unsigned long, unsigned long, unsigned long, unsigned long, unsigned long, unsigned long, unsigned long, unsigned long)",7,1092126.679,2160,505.6142032407407,498.277,517.48,0.1879087648158591,0.17080717424719982
elementwise,aten::fill_,"void at::native::vectorized_elementwise_kernel<4, at::native::FillFunctor<int>, std::array<char*, 1ul> >(int, at::native::FillFunctor<int>, std::array<char*, 1ul>)",7,1052990.282,25377,41.493883516570115,21.632,138.145,0.18117504778374077,0.16468629329966405
triton,triton_poi_fused_add_mul_0,triton_poi_fused_add_mul_0,7,1036131.28,2160,479.6904074074074,476.453,483.463,0.17827432728788328,0.16204956759044084
CONV_fwd,aten::cudnn_convolution,sm90_xmma_fprop_implicit_gemm_f32f32_tf32f32_f32_nhwckrsc_nhwc_tilesize128x128x32_warpgroupsize1x1x1_g1_execute_segment_k_off_kernel__5x_cudnn,7,930762.346,415,2242.8008337349397,105.25,6110.269,0.1601447946808845,0.14557000508542148
elementwise,aten::copy_,"void at::native::elementwise_kernel<128, 2, at::native::gpu_kernel_impl_nocast<at::native::direct_copy_kernel_cuda(at::TensorIteratorBase&)::{lambda()#3}::operator()() const::{lambda()#7}::operator()() const::{lambda(float)#1}>(at::TensorIteratorBase&, at::native::direct_copy_kernel_cuda(at::TensorIteratorBase&)::{lambda()#3}::operator()() const::{lambda()#7}::operator()() const::{lambda(float)#1} const&)::{lambda(int)#1}>(int, at::native::gpu_kernel_impl_nocast<at::native::direct_copy_kernel_cuda(at::TensorIteratorBase&)::{lambda()#3}::operator()() const::{lambda()#7}::operator()() const::{lambda(float)#1}>(at::TensorIteratorBase&, at::native::direct_copy_kernel_cuda(at::TensorIteratorBase&)::{lambda()#3}::operator()() const::{lambda()#7}::operator()() const::{lambda(float)#1} const&)::{lambda(int)#1})",7,914393.353,1236,739.8004474110032,2.913,2731.082,0.15732838398874224,0.14300991613844852
CONV_fwd,aten::cudnn_convolution,"void cudnn::engines_precompiled::nchwToNhwcKernel<float, float, float, false, true, (cudnnKernelDataType_t)0>(cudnn::engines_precompiled::nchw2nhwc_params_t<float>, float const*, float*)",7,787795.893,1580,498.60499556962026,4.096,3576.15,0.1355463207951142,0.12321024012533932
triton,triton_poi_fused__to_copy_0,triton_poi_fused__to_copy_0,7,761525.812,2160,352.5582462962963,350.726,356.709,0.13102635203394214,0.1191016340550585
elementwise,aten::cat,"void at::native::elementwise_kernel<128, 2, at::native::gpu_kernel_impl_nocast<at::native::direct_copy_kernel_cuda(at::TensorIteratorBase&)::{lambda()#3}::operator()() const::{lambda()#7}::operator()() const::{lambda(float)#1}>(at::TensorIteratorBase&, at::native::direct_copy_kernel_cuda(at::TensorIteratorBase&)::{lambda()#3}::operator()() const::{lambda()#7}::operator()() const::{lambda(float)#1} const&)::{lambda(int)#1}>(int, at::native::gpu_kernel_impl_nocast<at::native::direct_copy_kernel_cuda(at::TensorIteratorBase&)::{lambda()#3}::operator()() const::{lambda()#7}::operator()() const::{lambda(float)#1}>(at::TensorIteratorBase&, at::native::direct_copy_kernel_cuda(at::TensorIteratorBase&)::{lambda()#3}::operator()() const::{lambda()#7}::operator()() const::{lambda(float)#1} const&)::{lambda(int)#1})",7,721783.846,2158,334.4688813716404,2.879,1800.091,0.12418844221449539,0.11288604291346685
triton,triton_poi_fused__unsafe_view_clone_permute_view_10,triton_poi_fused__unsafe_view_clone_permute_view_10,7,670632.742,2768,242.28061488439306,235.138,287.555,0.11538750276632763,0.10488607761469344
other,fuse_scale_shift_kernel_blc_opt_3,fuse_scale_shift_kernel_blc_opt,7,623030.87,2160,288.4402175925926,287.077,289.924,0.10719723588388785,0.09744120752632442
other,quant_per_block_int8_kernel_1,quant_per_block_int8_kernel,7,563077.999,4320,130.34212939814813,4.768,362.341,0.09688188496956912,0.08806465746081969
triton,triton_poi_fused__unsafe_view_clone_mean_permute_sub_view_4,triton_poi_fused__unsafe_view_clone_mean_permute_sub_view_4,7,550600.239,2160,254.90751805555553,240.834,474.632,0.0947349907361862,0.08611315223023029
elementwise,aten::div,"void at::native::elementwise_kernel<128, 2, at::native::gpu_kernel_impl_nocast<at::native::BinaryFunctor<float, float, float, at::native::binary_internal::DivFunctor<float> > >(at::TensorIteratorBase&, at::native::BinaryFunctor<float, float, float, at::native::binary_internal::DivFunctor<float> > const&)::{lambda(int)#1}>(int, at::native::gpu_kernel_impl_nocast<at::native::BinaryFunctor<float, float, float, at::native::binary_internal::DivFunctor<float> > >(at::TensorIteratorBase&, at::native::BinaryFunctor<float, float, float, at::native::binary_internal::DivFunctor<float> > const&)::{lambda(int)#1})",7,532850.375,771,691.1159208819714,5.985,2407.748,0.09168099060596002,0.08333709687748665
triton,triton_poi_fused_all_to_all_single_clone_empty_like_permute_view_1,triton_poi_fused_all_to_all_single_clone_empty_like_permute_view_1,7,527517.898,2160,244.2212490740741,241.604,247.907,0.09076349707178827,0.08250310449764463
triton,triton_poi_fused__unsafe_view_clone_permute_view_4,triton_poi_fused__unsafe_view_clone_permute_view_4,7,526399.598,2160,243.7035175925926,234.756,295.717,0.09057108498651077,0.0823282038504637
triton,triton_poi_fused__unsafe_view_clone_permute_view_1,triton_poi_fused__unsafe_view_clone_permute_view_1,7,520732.434,2160,241.07983055555556,230.883,320.102,0.08959600598905969,0.08144186686460983
triton,triton_poi_fused__to_copy__unsafe_view_clone_permute_view_5,triton_poi_fused__to_copy__unsafe_view_clone_permute_view_5,7,517023.723,2160,239.36283472222223,237.476,241.635,0.08895789383918794,0.08086182934864186
triton,triton_poi_fused__unsafe_view_clone_permute_view_8,triton_poi_fused__unsafe_view_clone_permute_view_8,7,516914.19,2160,239.312125,234.627,241.604,0.08893904784711362,0.08084469853169858
triton,triton_poi_fused_all_to_all_single_clone_permute_view_9,triton_poi_fused_all_to_all_single_clone_permute_view_9,7,513600.986,2160,237.77823425925925,236.036,241.091,0.08836898570762534,0.08032651778964153
triton,triton_poi_fused_all_to_all_single_clone_permute_view_6,triton_poi_fused_all_to_all_single_clone_permute_view_6,7,491896.415,2160,227.72982175925924,225.731,231.747,0.08463454793049628,0.0769319514705106
elementwise,aten::add_,"void at::native::elementwise_kernel<128, 2, at::native::gpu_kernel_impl_nocast<at::native::CUDAFunctor_add<float> >(at::TensorIteratorBase&, at::native::CUDAFunctor_add<float> const&)::{lambda(int)#1}>(int, at::native::gpu_kernel_impl_nocast<at::native::CUDAFunctor_add<float> >(at::TensorIteratorBase&, at::native::CUDAFunctor_add<float> const&)::{lambda(int)#1})",7,476270.509,912,522.2264353070176,10.976,1840.861,0.08194599105147445,0.07448808035168011
CONV_fwd,aten::cudnn_convolution,"void cudnn::engines_precompiled::nhwcToNchwKernel<float, float, float, true, false, (cudnnKernelDataType_t)0>(cudnn::engines_precompiled::nhwc2nchw_params_t<float>, float const*, float*)",7,444887.265,814,546.5445515970516,16.992,1647.065,0.07654626341057984,0.06957978232231717
elementwise,aten::mul,"void at::native::elementwise_kernel<128, 2, at::native::gpu_kernel_impl_nocast<at::native::BinaryFunctor<float, float, float, at::native::binary_internal::MulFunctor<float> > >(at::TensorIteratorBase&, at::native::BinaryFunctor<float, float, float, at::native::binary_internal::MulFunctor<float> > const&)::{lambda(int)#1}>(int, at::native::gpu_kernel_impl_nocast<at::native::BinaryFunctor<float, float, float, at::native::binary_internal::MulFunctor<float> > >(at::TensorIteratorBase&, at::native::BinaryFunctor<float, float, float, at::native::binary_internal::MulFunctor<float> > const&)::{lambda(int)#1})",7,437915.732,878,498.7650706150342,5.953,1840.06,0.07534675773043063,0.06848944374273826
triton,triton_red_fused__to_copy_add_mul_native_layer_norm_0,triton_red_fused__to_copy_add_mul_native_layer_norm_0,7,436560.616,723,603.8182793914245,453.35,2077.397,0.07511359963747444,0.0682775053850478
GEMM,aten::mm,nvjet_tst_192x128_64x5_1x4_h_bz_coopB_TNT,7,427079.213,2214,192.89937353206864,37.344,348.037,0.07348225158902028,0.06679462644300804
elementwise,aten::add,"void at::native::vectorized_elementwise_kernel<4, at::native::CUDAFunctorOnSelf_add<float>, std::array<char*, 2ul> >(int, at::native::CUDAFunctorOnSelf_add<float>, std::array<char*, 2ul>)",7,388722.498,770,504.834412987013,3.808,1540.951,0.06688268482022429,0.06079568673341857
elementwise,aten::mul,"void at::native::vectorized_elementwise_kernel<4, at::native::AUnaryFunctor<float, float, float, at::native::binary_internal::MulFunctor<float> >, std::array<char*, 2ul> >(int, at::native::AUnaryFunctor<float, float, float, at::native::binary_internal::MulFunctor<float> >, std::array<char*, 2ul>)",7,388684.286,1044,372.3029559386973,1.471,1537.879,0.06687611015278029,0.06078971042694439
elementwise,aten::silu,"void at::native::vectorized_elementwise_kernel<4, at::native::(anonymous namespace)::silu_kernel(at::TensorIteratorBase&)::{lambda()#1}::operator()() const::{lambda()#2}::operator()() const::{lambda(float)#1}, std::array<char*, 2ul> >(int, at::native::(anonymous namespace)::silu_kernel(at::TensorIteratorBase&)::{lambda()#1}::operator()() const::{lambda()#2}::operator()() const::{lambda(float)#1}, std::array<char*, 2ul>)",7,387100.313,696,556.1786106321839,14.561,1541.943,0.06660357545909053,0.0605419791358623
triton,triton_red_fused__unsafe_view_clone_mean_permute_view_2,triton_red_fused__unsafe_view_clone_mean_permute_view_2,7,313233.029,2160,145.0152912037037,117.218,297.604,0.05389414315271037,0.04898923320266329
elementwise,aten::fill_,"void at::native::vectorized_elementwise_kernel<4, at::native::FillFunctor<float>, std::array<char*, 1ul> >(int, at::native::FillFunctor<float>, std::array<char*, 1ul>)",7,278429.093,858,324.5094324009324,1.248,1070.641,0.047905859238175384,0.04354594344960673
GEMM,aten::addmm,nvjet_tst_192x128_64x5_1x4_h_bz_coopB_bias_TNT,7,277192.53,2214,125.1998780487805,47.457,349.253,0.04769309909741978,0.04335254662498009
other,aten::_efficient_attention_forward,"fmha_cutlassF_f32_aligned_32x128_gmem_sm80(PyTorchMemEffAttention::AttentionKernel<float, cutlass::arch::Sm80, true, 32, 128, 65536, true, true>::Params)",7,269071.842,24,11211.32675,10669.155,11903.126,0.046295872492780665,0.04208248171685678
GEMM,aten::mm,sm80_xmma_gemm_f32f32_f32f32_f32_tn_n_tilesize128x128x8_stage3_warpsize2x2x1_ffma_aligna4_alignc4_execute_kernel__5x_cublas,7,260271.976,240,1084.4665666666667,466.724,1437.965,0.04478178810824831,0.040706194264021826
CONV_fwd,aten::cudnn_convolution,sm90_xmma_fprop_implicit_gemm_f32f32_tf32f32_f32_nhwckrsc_nhwc_tilesize64x192x32_warpgroupsize1x1x1_g1_execute_segment_k_off_kernel__5x_cudnn,7,209037.897,24,8709.912375,2002.431,9801.142,0.03596657217543788,0.03269325178452783
reduce,aten::linalg_vector_norm,"void at::native::reduce_kernel<128, 4, at::native::ReduceOp<float, at::native::NormTwoOps<float, float, float>, unsigned int, float, 4, 4> >(at::native::ReduceOp<float, at::native::NormTwoOps<float, float, float>, unsigned int, float, 4, 4>)",7,199017.801,720,276.4136125,12.065,777.868,0.03424253786797058,0.03112612196675541
elementwise,aten::add,"void at::native::vectorized_elementwise_kernel<4, at::native::CUDAFunctor_add<float>, std::array<char*, 3ul> >(int, at::native::CUDAFunctor_add<float>, std::array<char*, 3ul>)",7,184900.595,458,403.7130895196507,7.936,2256.418,0.031813564386121373,0.02891820954094275
triton,triton_red_fused__unsafe_view_clone_mean_permute_view_3,triton_red_fused__unsafe_view_clone_mean_permute_view_3,7,150481.551,2160,69.66738472222222,2.432,130.658,0.025891504089870062,0.023535116389777237
CONV_fwd,aten::cudnn_convolution,sm80_xmma_fprop_implicit_gemm_indexed_wo_smem_tf32f32_tf32f32_f32_nhwckrsc_nhwc_tilesize128x16x64_stage1_warpsize4x1x1_g1_tensor16x8x8_alignc4_execute_kernel__5x_cudnn,7,143046.26,24,5960.260833333334,1544.727,6611.365,0.02461220529173451,0.022372246669775064
triton,triton_poi_fused_addmm_all_to_all_single_clone_permute_view_3,triton_poi_fused_addmm_all_to_all_single_clone_permute_view_3,7,135509.255,2160,62.735766203703704,3.808,142.467,0.023315405820396845,0.02119346901413186
other,aten::_upsample_nearest_exact2d,"void at::native::(anonymous namespace)::upsample_nearest2d_out_frame<float, &at::native::nearest_neighbor_exact_compute_source_index>(float const*, float*, unsigned long, unsigned long, unsigned long, unsigned long, unsigned long, float, float)",7,113027.046,72,1569.8200833333333,97.442,3134.352,0.01944716946581001,0.017677281135962678
triton,triton_poi_fused_all_to_all_single_clone_empty_like_permute_view_2,triton_poi_fused_all_to_all_single_clone_empty_like_permute_view_2,7,91747.261,2160,42.4755837962963,3.648,137.602,0.01578581937539889,0.014349150787781753
elementwise,aten::add,"void at::native::elementwise_kernel<128, 2, at::native::gpu_kernel_impl_nocast<at::native::CUDAFunctor_add<float> >(at::TensorIteratorBase&, at::native::CUDAFunctor_add<float> const&)::{lambda(int)#1}>(int, at::native::gpu_kernel_impl_nocast<at::native::CUDAFunctor_add<float> >(at::TensorIteratorBase&, at::native::CUDAFunctor_add<float> const&)::{lambda(int)#1})",7,83583.266,46,1817.0275217391304,1202.706,2433.413,0.01438114146951939,0.013072312721894465
triton,triton_poi_fused__unsafe_view_clone_mean_permute_sub_view_7,triton_poi_fused__unsafe_view_clone_mean_permute_sub_view_7,7,71956.986,2160,33.31341944444445,5.248,116.61,0.012380750895594653,0.011253977841892204
CONV_fwd,aten::cudnn_convolution,"void cudnn::engines_precompiled::nchwToNhwcKernel<float, float, float, false, true, (cudnnKernelDataType_t)2>(cudnn::engines_precompiled::nchw2nhwc_params_t<float>, float const*, float*)",7,61951.322,96,645.3262708333333,3.136,2645.608,0.010659199724329375,0.009689105169912603
runtime,cuLaunchKernelEx,_layer_norm_fwd_1pass_kernel,7,46092.146,4320,10.669478240740741,5.472,13.6,0.007930506954104214,0.007208750930302448
triton,triton_red_fused__unsafe_view_clone_mean_permute_view_5,triton_red_fused__unsafe_view_clone_mean_permute_view_5,7,43794.009,2902,15.090974844934527,4.608,93.858,0.007535094871100221,0.006849325330185837
triton,triton_per_fused__unsafe_view_clone_mean_permute_view_6,triton_per_fused__unsafe_view_clone_mean_permute_view_6,7,36570.34,3220,11.357248447204968,1.823,80.353,0.006292207259864955,0.005719553012274082
triton,triton_poi_fused_cat_2,triton_poi_fused_cat_2,7,27520.091,2160,12.74078287037037,11.808,15.296,0.004735042561330965,0.004304105987997566
triton,triton_tem_fused_convolution_0,triton_tem_fused_convolution_0,7,11010.11,54,203.89092592592593,198.722,215.907,0.0018943738033037635,0.0017219667035080618
triton,triton_poi_fused_abs_eq_max_0,triton_poi_fused_abs_eq_max_0,7,9205.136,4956,1.8573720742534303,1.471,2.497,0.0015838141938862003,0.001439671147087848
triton,triton_tem_fused_addmm_silu_t_3,triton_tem_fused_addmm_silu_t_3,7,9149.056,54,169.42696296296296,166.274,174.595,0.0015741652001078207,0.00143090030894611
triton,triton_poi_fused__to_copy__unsafe_view_clone_permute_view_8,triton_poi_fused__to_copy__unsafe_view_clone_permute_view_8,7,9110.474,2160,4.217812037037037,3.968,6.721,0.0015675268713282655,0.0014248661349592245
other,aten::gather,"void at::native::vectorized_gather_kernel<16, long>(char*, char*, long*, int, long, long, long, long, bool)",7,8408.912,50,168.17824000000002,7.136,175.106,0.0014468177526915404,0.0013151427621276612
GEMM,aten::addmm,nvjet_tst_64x192_64x6_1x2_h_bz_bias_TNN,7,7576.881,54,140.31261111111112,137.474,143.106,0.0013036604427339982,0.0011850142095258692
triton,triton_poi_fused__to_copy_add_0,triton_poi_fused__to_copy_add_0,7,6619.092,2796,2.3673433476394847,1.792,2.848,0.001138865505109169,0.0010352172713493854
GEMM,aten::bmm,sm80_xmma_gemm_f32f32_f32f32_f32_tn_n_tilesize64x128x8_stage3_warpsize1x4x1_ffma_aligna4_alignc4_execute_kernel__5x_cublas,7,5294.929,48,110.31102083333333,109.409,112.161,0.0009110331130164361,0.0008281199220933522
elementwise,aten::add_,"void at::native::vectorized_elementwise_kernel<4, at::native::CUDAFunctor_add<float>, std::array<char*, 3ul> >(int, at::native::CUDAFunctor_add<float>, std::array<char*, 3ul>)",7,5234.51,48,109.05229166666668,108.609,109.697,0.0009006375610354104,0.000818670470066147
triton,triton_poi_fused_arange_0,triton_poi_fused_arange_0,7,5013.074,2796,1.792944921316166,1.376,2.208,0.0008625378002239042,0.0007840381713009199
GEMM,aten::bmm,sm80_xmma_gemm_f32f32_f32f32_f32_nn_n_tilesize64x32x8_stage3_warpsize1x2x1_ffma_aligna4_alignc4_execute_kernel__5x_cublas,7,4866.386,48,101.38304166666667,99.937,105.985,0.0008372990056560915,0.0007610963612913752
triton,triton_poi_fused_addmm_gelu_view_5,triton_poi_fused_addmm_gelu_view_5,7,4794.655,902,5.315582039911308,4.768,6.016,0.0008249571373836779,0.0007498777273622556
triton,triton_poi_fused_zeros_7,triton_poi_fused_zeros_7,7,4409.835,2584,1.706592492260062,1.311,2.112,0.0007587459072517941,0.0006896923861763846
triton,triton_poi_fused__to_copy_arange_copy_cos_div_mul_pow_reciprocal_repeat_slice_unsqueeze_view_0,triton_poi_fused__to_copy_arange_copy_cos_div_mul_pow_reciprocal_repeat_slice_unsqueeze_view_0,7,3956.631,54,73.27094444444444,69.345,79.873,0.0006807686858477865,0.0006188118774533411
CONV_fwd,aten::cudnn_convolution,sm90_xmma_gemm_f32f32_tf32f32_f32_nn_n_tilesize128x128x32_warpgroupsize1x1x1_execute_segment_k_off_kernel__5x_cublas,7,3917.438,23,170.32339130434784,165.603,176.898,0.0006740252298357318,0.0006126821438711524
CONV_fwd,aten::cudnn_convolution,void cutlass::Kernel2<cutlass_80_tensorop_s1688gemm_128x128_32x3_nn_align4>(cutlass_80_tensorop_s1688gemm_128x128_32x3_nn_align4::Params),7,3836.003,49,78.28577551020409,40.577,116.162,0.0006600137139951051,0.0005999458171223571
other,aten::_softmax,"void (anonymous namespace)::softmax_warp_forward<float, float, float, 9, false, false>(float*, float const*, int, int, int, bool const*, int, bool)",7,3798.594,48,79.137375,77.473,81.152,0.0006535772088550302,0.0005940950987906118
triton,triton_poi_fused__to_copy_arange_copy_div_mul_pow_reciprocal_repeat_sin_slice_unsqueeze_view_1,triton_poi_fused__to_copy_arange_copy_div_mul_pow_reciprocal_repeat_sin_slice_unsqueeze_view_1,7,3755.864,54,69.55303703703704,68.576,73.473,0.0006462251848865894,0.000587412183066709
elementwise,aten::masked_fill_,"void at::native::elementwise_kernel<128, 2, at::native::gpu_kernel_impl_nocast<at::native::(anonymous namespace)::masked_fill_kernel(at::TensorIterator&, c10::Scalar const&)::{lambda()#1}::operator()() const::{lambda()#7}::operator()() const::{lambda(float, bool)#1}>(at::TensorIteratorBase&, at::native::(anonymous namespace)::masked_fill_kernel(at::TensorIterator&, c10::Scalar const&)::{lambda()#1}::operator()() const::{lambda()#7}::operator()() const::{lambda(float, bool)#1} const&)::{lambda(int)#1}>(int, at::native::gpu_kernel_impl_nocast<at::native::(anonymous namespace)::masked_fill_kernel(at::TensorIterator&, c10::Scalar const&)::{lambda()#1}::operator()() const::{lambda()#7}::operator()() const::{lambda(float, bool)#1}>(at::TensorIteratorBase&, at::native::(anonymous namespace)::masked_fill_kernel(at::TensorIterator&, c10::Scalar const&)::{lambda()#1}::operator()() const::{lambda()#7}::operator()() const::{lambda(float, bool)#1} const&)::{lambda(int)#1})",7,3579.395,48,74.57072916666667,74.305,75.617,0.0006158623410371444,0.00055981266387922
elementwise,aten::clamp_min,"void at::native::vectorized_elementwise_kernel<4, at::native::(anonymous namespace)::launch_clamp_scalar(at::TensorIteratorBase&, c10::Scalar, c10::Scalar, at::native::detail::ClampLimits)::{lambda()#1}::operator()() const::{lambda()#7}::operator()() const::{lambda(float)#1}, std::array<char*, 2ul> >(int, at::native::(anonymous namespace)::launch_clamp_scalar(at::TensorIteratorBase&, c10::Scalar, c10::Scalar, at::native::detail::ClampLimits)::{lambda()#1}::operator()() const::{lambda()#7}::operator()() const::{lambda(float)#1}, std::array<char*, 2ul>)",7,3427.95,720,4.761041666666666,1.856,12.992,0.0005898050681632732,0.0005361268653347205
triton,triton_per_fused__to_copy_addmm_arange_cat_cos_div_exp_mul_silu_sin_t_unsqueeze_1,triton_per_fused__to_copy_addmm_arange_cat_cos_div_exp_mul_silu_sin_t_unsqueeze_1,7,3424.1569999999997,690,4.962546376811594,3.104,5.697,0.0005891524534449887,0.0005355336451301625
elementwise,aten::mul,"void at::native::vectorized_elementwise_kernel<4, at::native::BinaryFunctor<float, float, float, at::native::binary_internal::MulFunctor<float> >, std::array<char*, 3ul> >(int, at::native::BinaryFunctor<float, float, float, at::native::binary_internal::MulFunctor<float> >, std::array<char*, 3ul>)",7,2923.93,227,12.880748898678414,1.44,30.272,0.0005030845645224228,0.00045729880113716634
CONV_fwd,aten::cudnn_convolution,sm80_xmma_fprop_implicit_gemm_tf32f32_tf32f32_f32_nhwckrsc_nchw_tilesize128x64x32_stage5_warpsize2x2x1_g1_tensor16x8x8_execute_kernel__5x_cudnn,7,2597.256,24,108.219,97.953,120.226,0.0004468777993020523,0.00040620741777207806
triton,triton_tem_fused_addmm_silu_t_2,triton_tem_fused_addmm_silu_t_2,7,2351.772,54,43.55133333333333,42.944,45.057,0.00040464039579471027,0.000367814043478454
elementwise,aten::clamp,"void at::native::vectorized_elementwise_kernel<4, at::native::(anonymous namespace)::launch_clamp_scalar(at::TensorIteratorBase&, c10::Scalar, c10::Scalar, at::native::detail::ClampLimits)::{lambda()#1}::operator()() const::{lambda()#7}::operator()() const::{lambda(float)#1}, std::array<char*, 2ul> >(int, at::native::(anonymous namespace)::launch_clamp_scalar(at::TensorIteratorBase&, c10::Scalar, c10::Scalar, at::native::detail::ClampLimits)::{lambda()#1}::operator()() const::{lambda()#7}::operator()() const::{lambda(float)#1}, std::array<char*, 2ul>)",7,2236.5780000000004,2,1118.2890000000002,1117.457,1119.121,0.000384820385286389,0.0003497978535908047
elementwise,aten::sub,"void at::native::vectorized_elementwise_kernel<4, at::native::CUDAFunctor_add<float>, std::array<char*, 3ul> >(int, at::native::CUDAFunctor_add<float>, std::array<char*, 3ul>)",7,1633.571,414,3.9458236714975845,1.439,11.136,0.0002810684096922494,0.00025548835296072136
record_param_comms,record_param_comms,ncclDevKernel_AllGather_RING_LL(ncclDevKernelArgsStorage<4096ul>),7,1589.144,1,1589.144,1589.144,1589.144,0.0002734244038685677,0.00024854002867179487
elementwise,aten::div,"void at::native::vectorized_elementwise_kernel<4, at::native::BUnaryFunctor<float, float, float, at::native::binary_internal::MulFunctor<float> >, std::array<char*, 2ul> >(int, at::native::BUnaryFunctor<float, float, float, at::native::binary_internal::MulFunctor<float> >, std::array<char*, 2ul>)",7,1311.414,97,13.519731958762886,1.888,1118.673,0.00022563882893865742,0.00020510342244667139
elementwise,aten::pow,"void at::native::vectorized_elementwise_kernel<4, at::native::(anonymous namespace)::pow_tensor_scalar_kernel_impl<float, float>(at::TensorIteratorBase&, float)::{lambda(float)#2}, std::array<char*, 2ul> >(int, at::native::(anonymous namespace)::pow_tensor_scalar_kernel_impl<float, float>(at::TensorIteratorBase&, float)::{lambda(float)#2}, std::array<char*, 2ul>)",7,1058.12,48,22.044166666666666,21.28,23.104,0.00018205765507808532,0.00016548857443894293
CONV_fwd,aten::cudnn_convolution,"void cask_plugin__5x_cudnn::xmma__5x_cudnn::init_device_workspace_kernel<xmma__5x_cudnn::implicit_gemm::fprop::Warp_specialized_params_non_template<xmma__5x_cudnn::Grid_constant_params> >(xmma__5x_cudnn::implicit_gemm::fprop::Warp_specialized_params_non_template<xmma__5x_cudnn::Grid_constant_params>, bool)",7,1055.754,207,5.100260869565217,3.296,6.368,0.00018165056664585198,0.000165118535155003
elementwise,aten::tanh,"void at::native::vectorized_elementwise_kernel<4, at::native::tanh_kernel_cuda(at::TensorIteratorBase&)::{lambda()#2}::operator()() const::{lambda()#2}::operator()() const::{lambda(float)#1}, std::array<char*, 2ul> >(int, at::native::tanh_kernel_cuda(at::TensorIteratorBase&)::{lambda()#2}::operator()() const::{lambda()#2}::operator()() const::{lambda(float)#1}, std::array<char*, 2ul>)",7,693.9590000000001,48,14.457479166666667,13.408,15.521,0.00011940096421987395,0.00010853427364483653
elementwise,aten::div,"void at::native::vectorized_elementwise_kernel<4, at::native::BinaryFunctor<float, float, float, at::native::binary_internal::DivFunctor<float> >, std::array<char*, 3ul> >(int, at::native::BinaryFunctor<float, float, float, at::native::binary_internal::DivFunctor<float> >, std::array<char*, 3ul>)",7,686.7,359,1.9128133704735377,1.663,2.432,0.0001181519976393237,0.00010739897560505627
elementwise,aten::copy_,"void at::native::elementwise_kernel<128, 4, at::native::gpu_kernel_impl_nocast<at::native::direct_copy_kernel_cuda(at::TensorIteratorBase&)::{lambda()#3}::operator()() const::{lambda()#12}::operator()() const::{lambda(c10::BFloat16)#1}>(at::TensorIteratorBase&, at::native::direct_copy_kernel_cuda(at::TensorIteratorBase&)::{lambda()#3}::operator()() const::{lambda()#12}::operator()() const::{lambda(c10::BFloat16)#1} const&)::{lambda(int)#1}>(int, at::native::gpu_kernel_impl_nocast<at::native::direct_copy_kernel_cuda(at::TensorIteratorBase&)::{lambda()#3}::operator()() const::{lambda()#12}::operator()() const::{lambda(c10::BFloat16)#1}>(at::TensorIteratorBase&, at::native::direct_copy_kernel_cuda(at::TensorIteratorBase&)::{lambda()#3}::operator()() const::{lambda()#12}::operator()() const::{lambda(c10::BFloat16)#1} const&)::{lambda(int)#1})",7,596.423,54,11.04487037037037,10.432,11.265,0.0001026191479365638,9.327977170131712e-05
elementwise,aten::mul,"void at::native::elementwise_kernel<128, 4, at::native::gpu_kernel_impl<at::native::BinaryFunctor<c10::BFloat16, c10::BFloat16, c10::BFloat16, at::native::binary_internal::MulFunctor<float> > >(at::TensorIteratorBase&, at::native::BinaryFunctor<c10::BFloat16, c10::BFloat16, c10::BFloat16, at::native::binary_internal::MulFunctor<float> > const&)::{lambda(int)#1}>(int, at::native::gpu_kernel_impl<at::native::BinaryFunctor<c10::BFloat16, c10::BFloat16, c10::BFloat16, at::native::binary_internal::MulFunctor<float> > >(at::TensorIteratorBase&, at::native::BinaryFunctor<c10::BFloat16, c10::BFloat16, c10::BFloat16, at::native::binary_internal::MulFunctor<float> > const&)::{lambda(int)#1})",7,516.582,52,9.93426923076923,9.568,10.273,8.888189201182047e-05,8.079274445319815e-05
elementwise,aten::log,"void at::native::vectorized_elementwise_kernel<4, at::native::log_kernel_cuda(at::TensorIteratorBase&)::{lambda()#2}::operator()() const::{lambda()#2}::operator()() const::{lambda(float)#1}, std::array<char*, 2ul> >(int, at::native::log_kernel_cuda(at::TensorIteratorBase&)::{lambda()#2}::operator()() const::{lambda()#2}::operator()() const::{lambda(float)#1}, std::array<char*, 2ul>)",7,490.366,244,2.0096967213114754,1.631,2.528,8.437122830115714e-05,7.669259658009177e-05
elementwise,aten::copy_,"void at::native::vectorized_elementwise_kernel<8, at::native::bfloat16_copy_kernel_cuda(at::TensorIteratorBase&)::{lambda(float)#1}, std::array<char*, 2ul> >(int, at::native::bfloat16_copy_kernel_cuda(at::TensorIteratorBase&)::{lambda(float)#1}, std::array<char*, 2ul>)",7,444.803,126,3.5301825396825395,1.471,5.888,7.653176497155105e-05,6.956660338729554e-05
other,aten::cat,"void at::native::(anonymous namespace)::CatArrayBatchedCopy_alignedK_contig<at::native::(anonymous namespace)::OpaqueType<4u>, unsigned int, 1, 128, 1, 16>(at::native::(anonymous namespace)::OpaqueType<4u>*, at::native::(anonymous namespace)::CatArrInputTensorMetadata<at::native::(anonymous namespace)::OpaqueType<4u>, unsigned int, 128, 1>, at::native::(anonymous namespace)::TensorSizeStride<unsigned int, 4u>, int, unsigned int)",7,426.466,175,2.4369485714285717,1.887,3.008,7.337674359291077e-05,6.669872073741943e-05
elementwise,aten::sub,"void at::native::unrolled_elementwise_kernel<at::native::CUDAFunctor_add<float>, std::array<char*, 3ul>, 4, TrivialOffsetCalculator<2, unsigned int>, TrivialOffsetCalculator<1, unsigned int>, at::native::memory::LoadWithCast<2>, at::native::memory::StoreWithCast<1> >(int, at::native::CUDAFunctor_add<float>, std::array<char*, 3ul>, TrivialOffsetCalculator<2, unsigned int>, TrivialOffsetCalculator<1, unsigned int>, at::native::memory::LoadWithCast<2>, at::native::memory::StoreWithCast<1>)",7,421.35200000000003,51,8.261803921568628,7.296,9.248,7.249684070092373e-05,6.589889787263968e-05
elementwise,aten::copy_,"void at::native::unrolled_elementwise_kernel<at::native::direct_copy_kernel_cuda(at::TensorIteratorBase&)::{lambda()#3}::operator()() const::{lambda()#4}::operator()() const::{lambda(long)#1}, std::array<char*, 2ul>, 4, TrivialOffsetCalculator<1, unsigned int>, TrivialOffsetCalculator<1, unsigned int>, at::native::memory::LoadWithCast<1>, at::native::memory::StoreWithCast<1> >(int, at::native::direct_copy_kernel_cuda(at::TensorIteratorBase&)::{lambda()#3}::operator()() const::{lambda()#4}::operator()() const::{lambda(long)#1}, std::array<char*, 2ul>, TrivialOffsetCalculator<1, unsigned int>, TrivialOffsetCalculator<1, unsigned int>, at::native::memory::LoadWithCast<1>, at::native::memory::StoreWithCast<1>)",7,377.41,100,3.7741000000000002,3.008,10.176,6.493628284411994e-05,5.902642694496037e-05
triton,triton_poi_fused__to_copy_4,triton_poi_fused__to_copy_4,7,354.438,54,6.563666666666666,6.432,6.881,6.0983774194388545e-05,5.54336363994538e-05
elementwise,aten::mul,"void at::native::elementwise_kernel<128, 4, at::native::gpu_kernel_impl_nocast<at::native::BinaryFunctor<c10::BFloat16, c10::BFloat16, c10::BFloat16, at::native::binary_internal::MulFunctor<float> > >(at::TensorIteratorBase&, at::native::BinaryFunctor<c10::BFloat16, c10::BFloat16, c10::BFloat16, at::native::binary_internal::MulFunctor<float> > const&)::{lambda(int)#1}>(int, at::native::gpu_kernel_impl_nocast<at::native::BinaryFunctor<c10::BFloat16, c10::BFloat16, c10::BFloat16, at::native::binary_internal::MulFunctor<float> > >(at::TensorIteratorBase&, at::native::BinaryFunctor<c10::BFloat16, c10::BFloat16, c10::BFloat16, at::native::binary_internal::MulFunctor<float> > const&)::{lambda(int)#1})",7,307.462,50,6.14924,5.921,6.496,5.2901193386022637e-05,4.8086651867601287e-05
elementwise,aten::add,"void at::native::elementwise_kernel<128, 4, at::native::gpu_kernel_impl_nocast<at::native::CUDAFunctor_add<c10::BFloat16> >(at::TensorIteratorBase&, at::native::CUDAFunctor_add<c10::BFloat16> const&)::{lambda(int)#1}>(int, at::native::gpu_kernel_impl_nocast<at::native::CUDAFunctor_add<c10::BFloat16> >(at::TensorIteratorBase&, at::native::CUDAFunctor_add<c10::BFloat16> const&)::{lambda(int)#1})",7,261.348,54,4.839777777777778,4.351,5.185,4.496692628373667e-05,4.0874483000480915e-05
elementwise,aten::sub,"void at::native::vectorized_elementwise_kernel<4, at::native::CUDAFunctorOnSelf_add<float>, std::array<char*, 2ul> >(int, at::native::CUDAFunctorOnSelf_add<float>, std::array<char*, 2ul>)",7,259.392,156,1.6627692307692308,1.44,2.336,4.4630381493606316e-05,4.056856717656437e-05
elementwise,aten::add,"void at::native::vectorized_elementwise_kernel<2, at::native::CUDAFunctorOnSelf_add<long>, std::array<char*, 2ul> >(int, at::native::CUDAFunctorOnSelf_add<long>, std::array<char*, 2ul>)",7,227.905,96,2.3740104166666667,2.176,2.496,3.9212801837760404e-05,3.564404184544976e-05
elementwise,aten::add,"void at::native::unrolled_elementwise_kernel<at::native::CUDAFunctor_add<float>, std::array<char*, 3ul>, 4, TrivialOffsetCalculator<2, unsigned int>, TrivialOffsetCalculator<1, unsigned int>, at::native::memory::LoadWithCast<2>, at::native::memory::StoreWithCast<1> >(int, at::native::CUDAFunctor_add<float>, std::array<char*, 3ul>, TrivialOffsetCalculator<2, unsigned int>, TrivialOffsetCalculator<1, unsigned int>, at::native::memory::LoadWithCast<2>, at::native::memory::StoreWithCast<1>)",7,223.526,25,8.941040000000001,8.224,9.217,3.8459361328567746e-05,3.495917201266318e-05
elementwise,aten::expm1,"void at::native::vectorized_elementwise_kernel<4, at::native::expm1_kernel_cuda(at::TensorIteratorBase&)::{lambda()#1}::operator()() const::{lambda()#2}::operator()() const::{lambda(float)#1}, std::array<char*, 2ul> >(int, at::native::expm1_kernel_cuda(at::TensorIteratorBase&)::{lambda()#1}::operator()() const::{lambda()#2}::operator()() const::{lambda(float)#1}, std::array<char*, 2ul>)",7,208.035,106,1.9625943396226415,1.727,2.24,3.579401606072041e-05,3.253640001455931e-05
elementwise,aten::copy_,"void at::native::unrolled_elementwise_kernel<at::native::direct_copy_kernel_cuda(at::TensorIteratorBase&)::{lambda()#3}::operator()() const::{lambda()#7}::operator()() const::{lambda(float)#1}, std::array<char*, 2ul>, 4, TrivialOffsetCalculator<1, unsigned int>, TrivialOffsetCalculator<1, unsigned int>, at::native::memory::LoadWithCast<1>, at::native::memory::StoreWithCast<1> >(int, at::native::direct_copy_kernel_cuda(at::TensorIteratorBase&)::{lambda()#3}::operator()() const::{lambda()#7}::operator()() const::{lambda(float)#1}, std::array<char*, 2ul>, TrivialOffsetCalculator<1, unsigned int>, TrivialOffsetCalculator<1, unsigned int>, at::native::memory::LoadWithCast<1>, at::native::memory::StoreWithCast<1>)",7,177.604,48,3.7000833333333336,3.583,3.809,3.055812929770562e-05,2.7777031692675714e-05
elementwise,aten::sub,"void at::native::elementwise_kernel<128, 2, at::native::gpu_kernel_impl_nocast<at::native::CUDAFunctor_add<long> >(at::TensorIteratorBase&, at::native::CUDAFunctor_add<long> const&)::{lambda(int)#1}>(int, at::native::gpu_kernel_impl_nocast<at::native::CUDAFunctor_add<long> >(at::TensorIteratorBase&, at::native::CUDAFunctor_add<long> const&)::{lambda(int)#1})",7,161.701,48,3.368770833333333,3.264,3.552,2.7821896272427962e-05,2.528982343718247e-05
other,aten::arange,"void (anonymous namespace)::elementwise_kernel_with_index<int, at::native::arange_cuda_out(c10::Scalar const&, c10::Scalar const&, c10::Scalar const&, at::Tensor&)::{lambda()#1}::operator()() const::{lambda()#4}::operator()() const::{lambda(long)#1}>(int, at::native::arange_cuda_out(c10::Scalar const&, c10::Scalar const&, c10::Scalar const&, at::Tensor&)::{lambda()#1}::operator()() const::{lambda()#4}::operator()() const::{lambda(long)#1}, function_traits<at::native::arange_cuda_out(c10::Scalar const&, c10::Scalar const&, c10::Scalar const&, at::Tensor&)::{lambda()#1}::operator()() const::{lambda()#4}::operator()() const::{lambda(long)#1}>::result_type*)",7,149.948,96,1.5619583333333333,1.407,1.984,2.57997025513635e-05,2.3451669716072485e-05
elementwise,aten::where,"void at::native::vectorized_elementwise_kernel<2, at::native::(anonymous namespace)::where_kernel_impl(at::TensorIterator&)::{lambda()#1}::operator()() const::{lambda()#8}::operator()() const::{lambda(bool, long, long)#1}, std::array<char*, 4ul> >(int, at::native::(anonymous namespace)::where_kernel_impl(at::TensorIterator&)::{lambda()#1}::operator()() const::{lambda()#8}::operator()() const::{lambda(bool, long, long)#1}, std::array<char*, 4ul>)",7,134.048,48,2.792666666666667,2.688,2.945,2.3063985699076837e-05,2.0964930656628193e-05
elementwise,aten::add_,"void at::native::vectorized_elementwise_kernel<2, at::native::CUDAFunctor_add<long>, std::array<char*, 3ul> >(int, at::native::CUDAFunctor_add<long>, std::array<char*, 3ul>)",7,132.259,48,2.755395833333333,2.656,2.848,2.275617453877867e-05,2.0685133412769963e-05
elementwise,aten::minimum,"void at::native::vectorized_elementwise_kernel<2, at::native::BinaryFunctor<long, long, long, at::native::minimum_kernel_cuda(at::TensorIteratorBase&)::{lambda()#1}::operator()() const::{lambda()#4}::operator()() const::{lambda(long, long)#1}>, std::array<char*, 3ul> >(int, at::native::BinaryFunctor<long, long, long, at::native::minimum_kernel_cuda(at::TensorIteratorBase&)::{lambda()#1}::operator()() const::{lambda()#4}::operator()() const::{lambda(long, long)#1}>, std::array<char*, 3ul>)",7,129.662,48,2.7012916666666666,2.624,2.784,2.230934078623852e-05,2.0278966033060733e-05
elementwise,aten::sub,"void at::native::unrolled_elementwise_kernel<at::native::CUDAFunctorOnOther_add<float>, std::array<char*, 2ul>, 4, TrivialOffsetCalculator<1, unsigned int>, TrivialOffsetCalculator<1, unsigned int>, at::native::memory::LoadWithoutCast, at::native::memory::StoreWithoutCast>(int, at::native::CUDAFunctorOnOther_add<float>, std::array<char*, 2ul>, TrivialOffsetCalculator<1, unsigned int>, TrivialOffsetCalculator<1, unsigned int>, at::native::memory::LoadWithoutCast, at::native::memory::StoreWithoutCast)",7,125.214,77,1.6261558441558441,1.312,2.112,2.1544028298252917e-05,1.9583304691148267e-05
elementwise,aten::eq,"void at::native::vectorized_elementwise_kernel<4, at::native::AUnaryFunctor<long, long, bool, at::native::(anonymous namespace)::CompareEqFunctor<long> >, std::array<char*, 2ul> >(int, at::native::AUnaryFunctor<long, long, bool, at::native::(anonymous namespace)::CompareEqFunctor<long> >, std::array<char*, 2ul>)",7,124.514,50,2.49028,1.824,3.36,2.1423587933686837e-05,1.9473825613059525e-05
elementwise,aten::log,"void at::native::unrolled_elementwise_kernel<at::native::log_kernel_cuda(at::TensorIteratorBase&)::{lambda()#2}::operator()() const::{lambda()#2}::operator()() const::{lambda(float)#1}, std::array<char*, 2ul>, 4, TrivialOffsetCalculator<1, unsigned int>, TrivialOffsetCalculator<1, unsigned int>, at::native::memory::LoadWithoutCast, at::native::memory::StoreWithoutCast>(int, at::native::log_kernel_cuda(at::TensorIteratorBase&)::{lambda()#2}::operator()() const::{lambda()#2}::operator()() const::{lambda(float)#1}, std::array<char*, 2ul>, TrivialOffsetCalculator<1, unsigned int>, TrivialOffsetCalculator<1, unsigned int>, at::native::memory::LoadWithoutCast, at::native::memory::StoreWithoutCast)",7,122.75399999999999,77,1.5942077922077922,1.44,1.728,2.112076644563498e-05,1.9198563931007826e-05
triton,triton_poi_fused__to_copy_addmm_arange_cat_cos_div_exp_mul_sin_unsqueeze_0,triton_poi_fused__to_copy_addmm_arange_cat_cos_div_exp_mul_sin_unsqueeze_0,7,119.519,54,2.2133148148148147,1.983,2.592,2.0564159903676033e-05,1.8692614191554857e-05
elementwise,aten::abs,"void at::native::vectorized_elementwise_kernel<2, at::native::AbsFunctor<long>, std::array<char*, 2ul> >(int, at::native::AbsFunctor<long>, std::array<char*, 2ul>)",7,116.51299999999999,48,2.4273541666666665,2.336,2.624,2.0046954566696552e-05,1.8222479750505198e-05
elementwise,aten::mul,"void at::native::vectorized_elementwise_kernel<2, at::native::AUnaryFunctor<long, long, long, at::native::binary_internal::MulFunctor<long> >, std::array<char*, 2ul> >(int, at::native::AUnaryFunctor<long, long, long, at::native::binary_internal::MulFunctor<long> >, std::array<char*, 2ul>)",7,115.81099999999999,48,2.4127291666666664,2.336,2.56,1.992617008680314e-05,1.8112687875050488e-05
elementwise,aten::gt,"void at::native::vectorized_elementwise_kernel<4, at::native::compare_scalar_kernel<long>(at::TensorIteratorBase&, at::native::(anonymous namespace)::OpType, long)::{lambda(long)#1}, std::array<char*, 2ul> >(int, at::native::compare_scalar_kernel<long>(at::TensorIteratorBase&, at::native::(anonymous namespace)::OpType, long)::{lambda(long)#1}, std::array<char*, 2ul>)",7,113.953,50,2.27906,2.176,2.496,1.9606486947712033e-05,1.782209912206637e-05
elementwise,aten::sub,"void at::native::vectorized_elementwise_kernel<4, at::native::CUDAFunctorOnOther_add<float>, std::array<char*, 2ul> >(int, at::native::CUDAFunctorOnOther_add<float>, std::array<char*, 2ul>)",7,106.152,65,1.6331076923076924,1.439,2.08,1.8264265113454915e-05,1.660203299610883e-05
elementwise,aten::lt,"void at::native::vectorized_elementwise_kernel<4, at::native::compare_scalar_kernel<long>(at::TensorIteratorBase&, at::native::(anonymous namespace)::OpType, long)::{lambda(long)#1}, std::array<char*, 2ul> >(int, at::native::compare_scalar_kernel<long>(at::TensorIteratorBase&, at::native::(anonymous namespace)::OpType, long)::{lambda(long)#1}, std::array<char*, 2ul>)",7,106.143,48,2.2113125,2.143,2.304,1.8262716594481923e-05,1.6600625407961974e-05
elementwise,aten::sub,"void at::native::vectorized_elementwise_kernel<8, at::native::CUDAFunctor_add<c10::BFloat16>, std::array<char*, 3ul> >(int, at::native::CUDAFunctor_add<c10::BFloat16>, std::array<char*, 3ul>)",7,103.712,27,3.8411851851851853,3.648,4.064,1.7844444414110297e-05,1.6220420209628067e-05
elementwise,aten::fill_,"void at::native::vectorized_elementwise_kernel<2, at::native::FillFunctor<long>, std::array<char*, 1ul> >(int, at::native::FillFunctor<long>, std::array<char*, 1ul>)",7,95.935,48,1.9986458333333335,1.951,2.08,1.6506351963781156e-05,1.5004107652062141e-05
elementwise,aten::div,"void at::native::unrolled_elementwise_kernel<at::native::BinaryFunctor<float, float, float, at::native::binary_internal::DivFunctor<float> >, std::array<char*, 3ul>, 4, TrivialOffsetCalculator<2, unsigned int>, TrivialOffsetCalculator<1, unsigned int>, at::native::memory::LoadWithoutCast, at::native::memory::StoreWithoutCast>(int, at::native::BinaryFunctor<float, float, float, at::native::binary_internal::DivFunctor<float> >, std::array<char*, 3ul>, TrivialOffsetCalculator<2, unsigned int>, TrivialOffsetCalculator<1, unsigned int>, at::native::memory::LoadWithoutCast, at::native::memory::StoreWithoutCast)",7,87.428,53,1.6495849056603773,1.471,1.953,1.5042657418975962e-05,1.3673624055917954e-05
elementwise,aten::neg,"void at::native::vectorized_elementwise_kernel<4, at::native::neg_kernel_cuda(at::TensorIteratorBase&)::{lambda()#2}::operator()() const::{lambda()#7}::operator()() const::{lambda(float)#1}, std::array<char*, 2ul> >(int, at::native::neg_kernel_cuda(at::TensorIteratorBase&)::{lambda()#2}::operator()() const::{lambda()#7}::operator()() const::{lambda(float)#1}, std::array<char*, 2ul>)",7,84.866,53,1.601245283018868,1.408,1.824,1.460184568466411e-05,1.3272930630113156e-05
elementwise,aten::add,"void at::native::vectorized_elementwise_kernel<8, at::native::CUDAFunctor_add<c10::BFloat16>, std::array<char*, 3ul> >(int, at::native::CUDAFunctor_add<c10::BFloat16>, std::array<char*, 3ul>)",7,76.192,27,2.8219259259259255,2.688,2.944,1.3109417510026723e-05,1.1916328453910653e-05
elementwise,aten::sub,"void at::native::unrolled_elementwise_kernel<at::native::CUDAFunctor_add<float>, std::array<char*, 3ul>, 4, TrivialOffsetCalculator<2, unsigned int>, TrivialOffsetCalculator<1, unsigned int>, at::native::memory::LoadWithoutCast, at::native::memory::StoreWithoutCast>(int, at::native::CUDAFunctor_add<float>, std::array<char*, 3ul>, TrivialOffsetCalculator<2, unsigned int>, TrivialOffsetCalculator<1, unsigned int>, at::native::memory::LoadWithoutCast, at::native::memory::StoreWithoutCast)",7,73.6,50,1.472,1.312,1.6,1.2663444045804897e-05,1.1510943067616339e-05
elementwise,aten::log,"void at::native::vectorized_elementwise_kernel<2, at::native::log_kernel_cuda(at::TensorIteratorBase&)::{lambda()#2}::operator()() const::{lambda()#2}::operator()() const::{lambda(float)#1}, std::array<char*, 2ul> >(int, at::native::log_kernel_cuda(at::TensorIteratorBase&)::{lambda()#2}::operator()() const::{lambda()#2}::operator()() const::{lambda(float)#1}, std::array<char*, 2ul>)",7,73.187,39,1.8765897435897436,1.728,1.952,1.2592384230710912e-05,1.1446350411543982e-05
elementwise,aten::mul,"void at::native::vectorized_elementwise_kernel<8, at::native::AUnaryFunctor<c10::BFloat16, c10::BFloat16, c10::BFloat16, at::native::binary_internal::MulFunctor<float> >, std::array<char*, 2ul> >(int, at::native::AUnaryFunctor<c10::BFloat16, c10::BFloat16, c10::BFloat16, at::native::binary_internal::MulFunctor<float> >, std::array<char*, 2ul>)",7,72.961,27,2.702259259259259,2.655,2.785,1.2553499198722435e-05,1.1411004309189615e-05
elementwise,aten::sub,"void at::native::vectorized_elementwise_kernel<2, at::native::CUDAFunctorOnOther_add<float>, std::array<char*, 2ul> >(int, at::native::CUDAFunctorOnOther_add<float>, std::array<char*, 2ul>)",7,68.447,39,1.755051282051282,1.632,2.016,1.1776830904934892e-05,1.0705020654200213e-05
CONV_fwd,aten::cudnn_convolution,void cutlass::Kernel2<cutlass_80_tensorop_s1688gemm_256x64_16x4_nn_align4>(cutlass_80_tensorop_s1688gemm_256x64_16x4_nn_align4::Params),7,32.033,1,32.033,32.033,32.033,5.51152314020745e-06,5.009919012023835e-06
other,aten::any,"void at::native::reduce_kernel<512, 1, at::native::ReduceOp<bool, at::native::func_wrapper_t<bool, at::native::or_kernel_cuda(at::TensorIterator&)::{lambda()#1}::operator()() const::{lambda()#12}::operator()() const::{lambda(bool, bool)#1}>, unsigned int, bool, 4, 4> >(at::native::ReduceOp<bool, at::native::func_wrapper_t<bool, at::native::or_kernel_cuda(at::TensorIterator&)::{lambda()#1}::operator()() const::{lambda()#12}::operator()() const::{lambda(bool, bool)#1}>, unsigned int, bool, 4, 4>)",7,26.272000000000002,3,8.757333333333333,8.608,8.928,4.5202989398286195e-06,4.108906199353485e-06
elementwise,aten::ne,"void at::native::vectorized_elementwise_kernel<4, at::native::BinaryFunctor<float, float, bool, at::native::(anonymous namespace)::CompareEqFunctor<float> >, std::array<char*, 3ul> >(int, at::native::BinaryFunctor<float, float, bool, at::native::(anonymous namespace)::CompareEqFunctor<float> >, std::array<char*, 3ul>)",7,22.816,5,4.5632,3.328,8.288,3.925667654199519e-06,3.568392350961065e-06
elementwise,aten::normal_,"void at::native::(anonymous namespace)::distribution_elementwise_grid_stride_kernel<float, 4, at::native::templates::cuda::normal_and_transform<float, float, at::CUDAGeneratorImpl*, at::native::templates::cuda::normal_kernel<at::CUDAGeneratorImpl*>(at::TensorBase const&, double, double, at::CUDAGeneratorImpl*)::{lambda()#1}::operator()() const::{lambda()#2}::operator()() const::{lambda(float)#1}>(at::TensorIteratorBase&, at::CUDAGeneratorImpl*, at::native::templates::cuda::normal_kernel<at::CUDAGeneratorImpl*>(at::TensorBase const&, double, double, at::CUDAGeneratorImpl*)::{lambda()#1}::operator()() const::{lambda()#2}::operator()() const::{lambda(float)#1})::{lambda(curandStatePhilox4_32_10*)#2}, at::native::(anonymous namespace)::distribution_nullary_kernel<float, float, float4, at::CUDAGeneratorImpl*, at::native::templates::cuda::normal_and_transform<float, float, at::CUDAGeneratorImpl*, at::native::templates::cuda::normal_kernel<at::CUDAGeneratorImpl*>(at::TensorBase const&, double, double, at::CUDAGeneratorImpl*)::{lambda()#1}::operator()() const::{lambda()#2}::operator()() const::{lambda(float)#1}>(at::TensorIteratorBase&, at::CUDAGeneratorImpl*, at::native::templates::cuda::normal_kernel<at::CUDAGeneratorImpl*>(at::TensorBase const&, double, double, at::CUDAGeneratorImpl*)::{lambda()#1}::operator()() const::{lambda()#2}::operator()() const::{lambda(float)#1})::{lambda(curandStatePhilox4_32_10*)#2}, at::native::templates::cuda::normal_kernel<at::CUDAGeneratorImpl*>(at::TensorBase const&, double, double, at::CUDAGeneratorImpl*)::{lambda()#1}::operator()() const::{lambda()#2}::operator()() const::{lambda(float)#1}>(at::TensorIteratorBase&, at::CUDAGeneratorImpl*, at::native::templates::cuda::normal_and_transform<float, float, at::CUDAGeneratorImpl*, at::native::templates::cuda::normal_kernel<at::CUDAGeneratorImpl*>(at::TensorBase const&, double, double, at::CUDAGeneratorImpl*)::{lambda()#1}::operator()() const::{lambda()#2}::operator()() const::{lambda(float)#1}>(at::TensorIteratorBase&, at::CUDAGeneratorImpl*, at::native::templates::cuda::normal_kernel<at::CUDAGeneratorImpl*>(at::TensorBase const&, double, double, at::CUDAGeneratorImpl*)::{lambda()#1}::operator()() const::{lambda()#2}::operator()() const::{lambda(float)#1})::{lambda(curandStatePhilox4_32_10*)#2} const&, at::native::templates::cuda::normal_kernel<at::CUDAGeneratorImpl*>(at::TensorBase const&, double, double, at::CUDAGeneratorImpl*)::{lambda()#1}::operator()() const::{lambda()#2}::operator()() const::{lambda(float)#1})::{lambda(int, float)#1}>(long, at::PhiloxCudaState, at::native::templates::cuda::normal_and_transform<float, float, at::CUDAGeneratorImpl*, at::native::templates::cuda::normal_kernel<at::CUDAGeneratorImpl*>(at::TensorBase const&, double, double, at::CUDAGeneratorImpl*)::{lambda()#1}::operator()() const::{lambda()#2}::operator()() const::{lambda(float)#1}>(at::TensorIteratorBase&, at::CUDAGeneratorImpl*, at::native::templates::cuda::normal_kernel<at::CUDAGeneratorImpl*>(at::TensorBase const&, double, double, at::CUDAGeneratorImpl*)::{lambda()#1}::operator()() const::{lambda()#2}::operator()() const::{lambda(float)#1})::{lambda(curandStatePhilox4_32_10*)#2}, at::native::(anonymous namespace)::distribution_nullary_kernel<float, float, float4, at::CUDAGeneratorImpl*, at::native::templates::cuda::normal_and_transform<float, float, at::CUDAGeneratorImpl*, at::native::templates::cuda::normal_kernel<at::CUDAGeneratorImpl*>(at::TensorBase const&, double, double, at::CUDAGeneratorImpl*)::{lambda()#1}::operator()() const::{lambda()#2}::operator()() const::{lambda(float)#1}>(at::TensorIteratorBase&, at::CUDAGeneratorImpl*, at::native::templates::cuda::normal_kernel<at::CUDAGeneratorImpl*>(at::TensorBase const&, double, double, at::CUDAGeneratorImpl*)::{lambda()#1}::operator()() const::{lambda()#2}::operator()() const::{lambda(float)#1})::{lambda(curandStatePhilox4_32_10*)#2}, at::native::templates::cuda::normal_kernel<at::CUDAGeneratorImpl*>(at::TensorBase const&, double, double, at::CUDAGeneratorImpl*)::{lambda()#1}::operator()() const::{lambda()#2}::operator()() const::{lambda(float)#1}>(at::TensorIteratorBase&, at::CUDAGeneratorImpl*, at::native::templates::cuda::normal_and_transform<float, float, at::CUDAGeneratorImpl*, at::native::templates::cuda::normal_kernel<at::CUDAGeneratorImpl*>(at::TensorBase const&, double, double, at::CUDAGeneratorImpl*)::{lambda()#1}::operator()() const::{lambda()#2}::operator()() const::{lambda(float)#1}>(at::TensorIteratorBase&, at::CUDAGeneratorImpl*, at::native::templates::cuda::normal_kernel<at::CUDAGeneratorImpl*>(at::TensorBase const&, double, double, at::CUDAGeneratorImpl*)::{lambda()#1}::operator()() const::{lambda()#2}::operator()() const::{lambda(float)#1})::{lambda(curandStatePhilox4_32_10*)#2} const&, at::native::templates::cuda::normal_kernel<at::CUDAGeneratorImpl*>(at::TensorBase const&, double, double, at::CUDAGeneratorImpl*)::{lambda()#1}::operator()() const::{lambda()#2}::operator()() const::{lambda(float)#1})::{lambda(int, float)#1})",7,19.872,1,19.872,19.872,19.872,3.419129892367323e-06,3.1079546282564116e-06
other,aten::sum,"void at::native::reduce_kernel<512, 1, at::native::ReduceOp<long, at::native::func_wrapper_t<long, at::native::sum_functor<long, long, long>::operator()(at::TensorIterator&)::{lambda(long, long)#1}>, unsigned int, long, 4, 4> >(at::native::ReduceOp<long, at::native::func_wrapper_t<long, at::native::sum_functor<long, long, long>::operator()(at::TensorIterator&)::{lambda(long, long)#1}>, unsigned int, long, 4, 4>)",7,19.808999999999997,2,9.904499999999999,9.792,10.017,3.4082902595563753e-06,3.098101511228425e-06
other,aten::cat,"void at::native::(anonymous namespace)::CatArrayBatchedCopy_alignedK_contig<at::native::(anonymous namespace)::OpaqueType<4u>, unsigned int, 2, 128, 1, 16>(at::native::(anonymous namespace)::OpaqueType<4u>*, at::native::(anonymous namespace)::CatArrInputTensorMetadata<at::native::(anonymous namespace)::OpaqueType<4u>, unsigned int, 128, 1>, at::native::(anonymous namespace)::TensorSizeStride<unsigned int, 4u>, int, unsigned int)",7,14.784,2,7.392,7.296,7.488,2.5437004996355933e-06,2.312198129234239e-06
reduce,aten::any,"void at::native::reduce_kernel<512, 1, at::native::ReduceOp<bool, at::native::func_wrapper_t<bool, at::native::or_kernel_cuda(at::TensorIterator&)::{lambda()#1}::operator()() const::{lambda()#12}::operator()() const::{lambda(bool, bool)#1}>, unsigned int, bool, 4, 4> >(at::native::ReduceOp<bool, at::native::func_wrapper_t<bool, at::native::or_kernel_cuda(at::TensorIterator&)::{lambda()#1}::operator()() const::{lambda()#12}::operator()() const::{lambda(bool, bool)#1}>, unsigned int, bool, 4, 4>)",7,13.663,4,3.41575,2.912,3.999,2.3508238586662007e-06,2.136875205609267e-06
elementwise,aten::sub,"void at::native::elementwise_kernel<128, 2, at::native::gpu_kernel_impl_nocast<at::native::CUDAFunctor_add<float> >(at::TensorIteratorBase&, at::native::CUDAFunctor_add<float> const&)::{lambda(int)#1}>(int, at::native::gpu_kernel_impl_nocast<at::native::CUDAFunctor_add<float> >(at::TensorIteratorBase&, at::native::CUDAFunctor_add<float> const&)::{lambda(int)#1})",7,12.545,2,6.2725,6.177,6.368,2.1584633906878053e-06,1.962021478033247e-06
elementwise,aten::sub,"void at::native::elementwise_kernel<128, 4, at::native::gpu_kernel_impl<at::native::CUDAFunctor_add<float> >(at::TensorIteratorBase&, at::native::CUDAFunctor_add<float> const&)::{lambda(int)#1}>(int, at::native::gpu_kernel_impl<at::native::CUDAFunctor_add<float> >(at::TensorIteratorBase&, at::native::CUDAFunctor_add<float> const&)::{lambda(int)#1})",7,10.624,1,10.624,10.624,10.624,1.827940618785751e-06,1.6615796080211411e-06
elementwise,aten::ne,"void at::native::vectorized_elementwise_kernel<4, at::native::BinaryFunctor<long, long, bool, at::native::(anonymous namespace)::CompareEqFunctor<long> >, std::array<char*, 3ul> >(int, at::native::BinaryFunctor<long, long, bool, at::native::(anonymous namespace)::CompareEqFunctor<long> >, std::array<char*, 3ul>)",7,7.295,4,1.82375,1.632,1.951,1.2551606564422112e-06,1.1409283923676795e-06
reduce,aten::sum,"void at::native::reduce_kernel<512, 1, at::native::ReduceOp<long, at::native::func_wrapper_t<long, at::native::sum_functor<long, long, long>::operator()(at::TensorIterator&)::{lambda(long, long)#1}>, unsigned int, long, 4, 4> >(at::native::ReduceOp<long, at::native::func_wrapper_t<long, at::native::sum_functor<long, long, long>::operator()(at::TensorIterator&)::{lambda(long, long)#1}>, unsigned int, long, 4, 4>)",7,6.879,2,3.4395,3.231,3.648,1.1835846683572269e-06,1.0758665402463696e-06
elementwise,aten::copy_,"void at::native::elementwise_kernel<128, 4, at::native::gpu_kernel_impl_nocast<at::native::bfloat16_copy_kernel_cuda(at::TensorIteratorBase&)::{lambda(float)#1}>(at::TensorIteratorBase&, at::native::bfloat16_copy_kernel_cuda(at::TensorIteratorBase&)::{lambda(float)#1} const&)::{lambda(int)#1}>(int, at::native::gpu_kernel_impl_nocast<at::native::bfloat16_copy_kernel_cuda(at::TensorIteratorBase&)::{lambda(float)#1}>(at::TensorIteratorBase&, at::native::bfloat16_copy_kernel_cuda(at::TensorIteratorBase&)::{lambda(float)#1} const&)::{lambda(int)#1})",7,6.016,1,6.016,6.016,6.016,1.0350989046136179e-06,9.408944768312486e-07
